ID,Nama,Email,Alamat,Telepon,Tanggal,Kebutuhan,Merek,Total Unit,PK,Status,Created At
AH116,Jokowi,jokowi123@gmail.com,Special Capital Region of Jakarta, Java, Indonesia,081282732926,2026-07-12T17:00:00.000Z,Isi Freon,Mitsubishi,4,3 PK,confirmed,2026-07-04T13:07:17.634Z
QY397,Dimas Riyanto Wibowo,masdimasrw@gmail.com,Kp Siluman, Papan Mas, Setiamekar, Kab Bekasi, West Java, 17510, Indonesia,081314429353,2026-07-15T17:00:00.000Z,Service AC,Changhong,3,1 PK,completed,2026-07-04T13:04:39.078Z
VX035,Dimas Riyanto Wibowo,masdimasrw@gmail.com,Kp Siluman, Papan Mas, Setiamekar, Kab Bekasi, West Java, 17510, Indonesia,081314429353,2026-07-15T17:00:00.000Z,Cuci AC,Polytron,3,0.75 PK,cancelled,2026-07-04T13:03:42.465Z
GX407,Adinda,bhjsabh@gmail.com,Musala Nurush Shobah, Jalan Anjasmoro I, RW 03, Karang Ayu, Semarang Barat, Semarang, Central Java, Java, 50188, Indonesia,085777501889,2026-07-21T17:00:00.000Z,Service AC,Changhong,2,0.75 PK,rescheduled,2026-07-04T12:56:26.315Z
YH589,Bili Tri Laksana,masdimasrw@gmail.com,Bojong Kulur, Gunung Putri, Bogor, West Java, 16969, Indonesia,085777501889,2026-07-27T17:00:00.000Z,Hancurin AC,Sharp,2,5 PK,rescheduled,2026-07-04T12:20:20.818Z
PR904,jarwo,masdimasrw@gmail.com,Kp Siluman, Papan Mas, Setiamekar, Kab Bekasi, West Java, 17510, Indonesia,081342424664,2026-07-24T17:00:00.000Z,Ganti AC,Sharp,4,0.75 PK,rescheduled,2026-07-04T12:08:15.740Z
RD378,Dimas Riyanto Wibowo,masdimasrw@gmail.com,Kp Siluman, Papan Mas, Setiamekar, Kab Bekasi, West Java, 17510, Indonesia,081314429353,2026-07-25T17:00:00.000Z,Service AC,Gree,3,2 PK,pending,2026-07-04T10:35:48.997Z
BE158,Dimas Riyanto Wibowo,masdimasrw@gmail.com,Kp Siluman, Papan Mas, Setiamekar, Kab Bekasi, West Java, Java, 17510, Indonesia,081314429353,2026-07-12T17:00:00.000Z,Isi Freon,LG,43,1 PK,pending,2026-07-04T10:34:02.915Z
VH787,Dimas Riyanto Wibowo,masdimasrw@gmail.com,Kp Siluman, Papan Mas, Setiamekar, Kab Bekasi, West Java, Java, 17510, Indonesia,081314429353,2026-07-09T17:00:00.000Z,Beli AC Baru,Sharp,2,0.75 PK,pending,2026-07-04T10:33:16.795Z
AC213,Dimas Riyanto Wibowo,masdimasrw@gmail.com,Kp Siluman, Papan Mas, Setiamekar, Kab Bekasi, West Java, 17510, Indonesia,081314429353,2026-07-21T17:00:00.000Z,Bongkar Pasang AC,Polytron,3,2 PK,pending,2026-07-04T10:31:22.176Z